{"data_time": 0.0023552599996037316, "eta_seconds": 22248.702680783754, "fast_rcnn/cls_accuracy": 0.5087890625, "fast_rcnn/false_negative": 0.2142857142857143, "fast_rcnn/fg_cls_accuracy": 0.2629032258064516, "iteration": 19, "loss_box_reg": 0.13150529563426971, "loss_cls": 1.2821345925331116, "loss_rpn_cls": 0.003697745269164443, "loss_rpn_loc": 0.007338180905207992, "lr": 4.99525e-05, "rank_data_time": 0.0023552599996037316, "roi_head/num_bg_samples": 495.0, "roi_head/num_fg_samples": 17.0, "rpn/num_neg_anchors": 252.25, "rpn/num_pos_anchors": 3.75, "time": 7.46600761100126, "total_loss": 1.463275508955121}
{"data_time": 0.0028067045022908133, "eta_seconds": 25060.615457368258, "fast_rcnn/cls_accuracy": 0.96337890625, "fast_rcnn/false_negative": 1.0, "fast_rcnn/fg_cls_accuracy": 0.0, "iteration": 39, "loss_box_reg": 0.1454208716750145, "loss_cls": 0.39286375045776367, "loss_rpn_cls": 0.004194015637040138, "loss_rpn_loc": 0.007181019755080342, "lr": 9.990249999999999e-05, "rank_data_time": 0.0028067045022908133, "roi_head/num_bg_samples": 493.0, "roi_head/num_fg_samples": 19.0, "rpn/num_neg_anchors": 251.0, "rpn/num_pos_anchors": 5.0, "time": 8.613844650495594, "total_loss": 0.5534715509274974}
